{"0.0": 0, "0.005": 9.300000000000008e-05, "0.01": 0.00036960000000000036, "0.015": 0.0008296000000000009, "0.02": 0.0014890000000000014, "0.025": 0.002319800000000002, "0.03": 0.0033194000000000027, "0.035": 0.004378000000000003, "0.04": 0.005494400000000004, "0.045": 0.006650600000000005, "0.05": 0.007842000000000005, "0.055": 0.009099200000000007, "0.06": 0.010400800000000009, "0.065": 0.01176440000000001, "0.07": 0.01317600000000001, "0.075": 0.014629800000000012, "0.08": 0.016132000000000014, "0.085": 0.017692800000000015, "0.09": 0.019317000000000018, "0.095": 0.02097580000000002, "0.1": 0.022687000000000023, "0.105": 0.024421400000000024, "0.11": 0.026174600000000027, "0.115": 0.027942400000000027, "0.12": 0.02972680000000003, "0.125": 0.03152560000000003, "0.13": 0.03332880000000003, "0.135": 0.03515300000000004, "0.14": 0.036985400000000036, "0.145": 0.03882900000000004, "0.15": 0.04068180000000004, "0.155": 0.042557800000000034, "0.16": 0.044443600000000034, "0.165": 0.046343400000000035, "0.17": 0.048255800000000036, "0.17500000000000002": 0.05018180000000003, "0.18": 0.05212060000000003, "0.185": 0.05407800000000003, "0.19": 0.05604660000000003, "0.195": 0.05803000000000003, "0.2": 0.060021800000000035, "0.20500000000000002": 0.062015200000000034, "0.21": 0.06399640000000004, "0.215": 0.06596200000000003, "0.22": 0.06791920000000004, "0.225": 0.06986520000000004, "0.23": 0.07178660000000005, "0.23500000000000001": 0.07369480000000005, "0.24": 0.07560240000000004, "0.245": 0.07749160000000004, "0.25": 0.07936420000000004, "0.255": 0.08122680000000004, "0.26": 0.08306660000000005, "0.265": 0.08488460000000005, "0.27": 0.08670360000000005, "0.275": 0.08851220000000005, "0.28": 0.09030020000000005, "0.28500000000000003": 0.09208000000000005, "0.29": 0.09384440000000005, "0.295": 0.09559380000000005, "0.3": 0.09732760000000006, "0.305": 0.09902560000000006, "0.31": 0.10068820000000006, "0.315": 0.10230040000000007, "0.32": 0.10387160000000006, "0.325": 0.10537480000000006, "0.33": 0.10683240000000006, "0.335": 0.10826360000000007, "0.34": 0.10962420000000007, "0.34500000000000003": 0.11091880000000008, "0.35000000000000003": 0.11218460000000008, "0.355": 0.11337340000000008, "0.36": 0.11454540000000009, "0.365": 0.1156658000000001, "0.37": 0.1167350000000001, "0.375": 0.1177174000000001, "0.38": 0.1185664000000001, "0.385": 0.1192060000000001, "0.39": 0.1196524000000001, "0.395": 0.1199212000000001, "0.4": 0.12001260000000011}