{"0.0": 0, "0.005": 2.250000000000002e-05, "0.01": 9.650000000000008e-05, "0.015": 0.00021050000000000018, "0.02": 0.00037750000000000034, "0.025": 0.0005930000000000005, "0.03": 0.0008600000000000007, "0.035": 0.001207000000000001, "0.04": 0.0016070000000000014, "0.045": 0.002016500000000002, "0.05": 0.002508500000000002, "0.055": 0.0030475000000000025, "0.06": 0.003631000000000003, "0.065": 0.0042480000000000035, "0.07": 0.004891000000000004, "0.075": 0.005594500000000004, "0.08": 0.006338500000000005, "0.085": 0.007152000000000006, "0.09": 0.008037500000000006, "0.095": 0.008949500000000008, "0.1": 0.009929500000000008, "0.105": 0.010920500000000008, "0.11": 0.012007000000000009, "0.115": 0.01313650000000001, "0.12": 0.01432900000000001, "0.125": 0.01556600000000001, "0.13": 0.016806500000000012, "0.135": 0.018075000000000015, "0.14": 0.019462000000000014, "0.145": 0.020906000000000015, "0.15": 0.022402000000000016, "0.155": 0.023930000000000017, "0.16": 0.02549750000000002, "0.165": 0.02716600000000002, "0.17": 0.02885350000000002, "0.17500000000000002": 0.030590500000000024, "0.18": 0.03235950000000003, "0.185": 0.03421700000000003, "0.19": 0.03612150000000003, "0.195": 0.038088000000000025, "0.2": 0.040066000000000025, "0.20500000000000002": 0.042050000000000025, "0.21": 0.044119000000000026, "0.215": 0.046247500000000025, "0.22": 0.04840900000000003, "0.225": 0.05061600000000003, "0.23": 0.05288500000000003, "0.23500000000000001": 0.05523100000000003, "0.24": 0.05758850000000003, "0.245": 0.06004000000000003, "0.25": 0.06247600000000003, "0.255": 0.06496350000000004, "0.26": 0.06740000000000003, "0.265": 0.06982250000000002, "0.27": 0.07210950000000002, "0.275": 0.07436200000000003, "0.28": 0.07662200000000002, "0.28500000000000003": 0.07881800000000003, "0.29": 0.08094400000000003, "0.295": 0.08305200000000003, "0.3": 0.08506400000000003, "0.305": 0.08705350000000003, "0.31": 0.08899700000000003, "0.315": 0.09085350000000003, "0.32": 0.09266100000000004, "0.325": 0.09448950000000003, "0.33": 0.09619550000000003, "0.335": 0.09791100000000003, "0.34": 0.09952800000000003, "0.34500000000000003": 0.10108000000000003, "0.35000000000000003": 0.10260300000000003, "0.355": 0.10406150000000003, "0.36": 0.10550900000000003, "0.365": 0.10689200000000003, "0.37": 0.10819600000000003, "0.375": 0.10948050000000004, "0.38": 0.11075150000000003, "0.385": 0.11193950000000003, "0.39": 0.11306650000000003, "0.395": 0.11415600000000004, "0.4": 0.11514350000000004, "0.405": 0.11610350000000004, "0.41000000000000003": 0.11705150000000004, "0.41500000000000004": 0.11790600000000004, "0.42": 0.11870850000000004, "0.425": 0.11949500000000003, "0.43": 0.12023250000000003, "0.435": 0.12090750000000003, "0.44": 0.12153350000000003, "0.445": 0.12212500000000003, "0.45": 0.12263100000000003, "0.455": 0.12309700000000003, "0.46": 0.12353350000000003, "0.465": 0.12387900000000003, "0.47000000000000003": 0.12422250000000003, "0.47500000000000003": 0.12452200000000002, "0.48": 0.12475150000000002, "0.485": 0.12492550000000001, "0.49": 0.12504500000000002, "0.495": 0.125118, "0.5": 0.12514150000000002}